Ref,Val,Package,PosX,PosY,Rot,Side
"C1","100n","C_0805_2012Metric",82.850000,-60.875000,90.000000,top
"C2","10u","C_0805_2012Metric",58.100000,-92.430000,-90.000000,top
"C3","10u","C_0805_2012Metric",60.100000,-92.430000,-90.000000,top
"C4","10u","C_0805_2012Metric",71.475000,-92.410000,-90.000000,top
"C5","10u","C_0805_2012Metric",67.400000,-60.820000,180.000000,top
"C6","10u","C_0805_2012Metric",67.425000,-67.025000,180.000000,top
"C7","10u","C_0805_2012Metric",73.450000,-92.410000,-90.000000,top
"C8","10u","C_0805_2012Metric",74.900000,-75.400000,180.000000,top
"C9","10u","C_0805_2012Metric",74.000000,-81.525000,0.000000,top
"C10","10u","C_0805_2012Metric",99.300000,-80.000000,0.000000,top
"C11","100n","C_0805_2012Metric",70.750000,-77.700000,0.000000,top
"C12","10u","C_0805_2012Metric",99.225000,-90.450000,0.000000,top
"C13","1u","C_0805_2012Metric",70.700000,-81.650000,-90.000000,top
"C14","100n","C_0805_2012Metric",70.725000,-85.150000,90.000000,top
"C15","10u","C_0805_2012Metric",70.750000,-75.725000,0.000000,top
"C16","100n","C_0805_2012Metric",66.300000,-75.300000,90.000000,top
"C17","1u","C_0805_2012Metric",64.300000,-75.300000,90.000000,top
"C18","1u","C_0805_2012Metric",75.000000,-85.500000,0.000000,top
"C19","100n","C_0805_2012Metric",74.000000,-83.525000,0.000000,top
"C20","100n","C_0805_2012Metric",92.500000,-98.700000,90.000000,top
"C21","2n2","C_0805_2012Metric",102.500000,-97.730000,-90.000000,top
"C22","2n2","C_0805_2012Metric",104.500000,-97.730000,-90.000000,top
"C23","1u","C_0805_2012Metric",89.420000,-94.720000,0.000000,top
"C24","1u","C_0805_2012Metric",94.475000,-98.700000,90.000000,top
"C25","2n2","C_0805_2012Metric",104.440000,-86.677500,90.000000,top
"C26","2n2","C_0805_2012Metric",102.480000,-86.692500,90.000000,top
"C27","1u","C_0805_2012Metric",96.770000,-98.640000,90.000000,top
"C28","100n","C_0805_2012Metric",88.370000,-92.710000,0.000000,top
"C29","100n","C_0805_2012Metric",99.225000,-88.450000,0.000000,top
"C30","1u","C_0805_2012Metric",99.200000,-86.475000,180.000000,top
"C31","1u","C_0805_2012Metric",95.525000,-95.960000,180.000000,top
"C32","100n","C_0805_2012Metric",81.675000,-76.540000,0.000000,top
"C33","10n_film","C_0805_2012Metric",68.040000,-86.390000,180.000000,top
"C34","10n_film","C_0805_2012Metric",63.990000,-86.380000,0.000000,top
"D1","LED_R","LED_0805_2012Metric",58.505000,-79.750000,0.000000,top
"D2","LED_R","LED_0805_2012Metric",94.510000,-84.300000,-90.000000,top
"FID1","Fiducial","Fiducial_0.75mm_Mask1.5mm",52.000000,-61.000000,0.000000,top
"FID2","Fiducial","Fiducial_0.75mm_Mask1.5mm",110.000000,-61.000000,0.000000,top
"FID3","Fiducial","Fiducial_0.75mm_Mask1.5mm",105.000000,-105.000000,0.000000,top
"FID4","Fiducial","Fiducial_0.75mm_Mask1.5mm",57.000000,-105.000000,0.000000,top
"R1","10K","R_0805_2012Metric",58.480000,-77.825000,0.000000,top
"R2","100R","R_0805_2012Metric",100.420000,-61.630000,90.000000,top
"R3","100R","R_0805_2012Metric",58.100000,-89.010000,-90.000000,top
"R4","100K","R_0805_2012Metric",56.000000,-95.090000,0.000000,top
"R5","3K9","R_0805_2012Metric",89.625000,-62.100000,0.000000,top
"R6","3K9","R_0805_2012Metric",89.625000,-60.175000,0.000000,top
"R7","3K9","R_0805_2012Metric",86.225000,-63.575000,0.000000,top
"R8","100R","R_0805_2012Metric",60.100000,-89.010000,-90.000000,top
"R9","100K","R_0805_2012Metric",59.370000,-95.090000,0.000000,top
"R11","100K","R_0805_2012Metric",72.170000,-95.060000,180.000000,top
"R12","100R","R_0805_2012Metric",71.475000,-89.030000,-90.000000,top
"R13","100K","R_0805_2012Metric",75.540000,-95.060000,180.000000,top
"R14","100R","R_0805_2012Metric",73.450000,-89.030000,-90.000000,top
"R15","100R","R_0805_2012Metric",103.790000,-61.640000,90.000000,top
"R16","470R","R_0805_2012Metric",102.525000,-94.305000,-90.000000,top
"R17","470R","R_0805_2012Metric",104.475000,-94.305000,-90.000000,top
"R18","470R","R_0805_2012Metric",104.440000,-90.077500,90.000000,top
"R19","470R","R_0805_2012Metric",102.475000,-90.077500,90.000000,top
"R20","10K","R_0805_2012Metric",90.225000,-87.700000,180.000000,top
"R21","100R","R_0805_2012Metric",83.580000,-85.720000,0.000000,top
"R22","100R","R_0805_2012Metric",83.580000,-83.770000,0.000000,top
"R23","10K","R_0805_2012Metric",87.975000,-76.550000,180.000000,top
"R24","10K","R_0805_2012Metric",92.560000,-84.270000,90.000000,top
"R25","10K","R_0805_2012Metric",84.150000,-73.880000,90.000000,top
"R26","100R","R_0805_2012Metric",81.250000,-70.870000,90.000000,top
"R27","100R","R_0805_2012Metric",87.450000,-70.920000,90.000000,top
"U1","AT24CS01-STUM","SOT-23-5",85.890000,-60.920000,180.000000,top
"U2","NCP163","SOT-23-5",67.400000,-63.850000,-90.000000,top
"U3","NCP163","SOT-23-5",74.850000,-78.450000,-90.000000,top
"U4","PCM1863DBT","TSSOP-30_4.4x7.8mm_P0.5mm",65.100000,-81.250000,180.000000,top
"U5","NCP163","SOT-23-5",99.300000,-83.125000,-90.000000,top
"U6","PCM5242RHBR","HVQFN-32-1EP_5x5mm_P0.5mm_EP3.1x3.1mm_ThermalVias",94.250000,-91.777000,90.000000,top
"X1","22.5792M","Oscillator_SMD_Abracon_ASDMB-4Pin_2.5x2.0mm",81.750000,-74.050000,90.000000,top
"X2","24.576M","Oscillator_SMD_Abracon_ASDMB-4Pin_2.5x2.0mm",87.975000,-74.100000,90.000000,top
